product,review_id,rating,title,date,text
"Chrome Kitchen and Bathroom Mixer Set - Includes Sink Mixer, Shower Mixer, Kitchen Mixer",RGDAHIJ96UFS2,5.0,ููุชุงุฒุฉ ุฑุงุฆุน ุฎุงูุฉ ูุนูููุฉ ุจุงููุณุจุฉ ููุณุนุฑ,26 July 2025,ุฎูุงุท ุฑุงุฆุน ุชููู
"Chrome Kitchen and Bathroom Mixer Set - Includes Sink Mixer, Shower Mixer, Kitchen Mixer",R1OZNWYVX8RDGX,1.0,ุณูุก,24 July 2025,ููุชุฌ ุณูุก ุจูู ูุง ุชุญุชููู ุงููููุฉ ูู ูุนููุงูุฎูุงุท ููุณู ูุฎุฑูู ุงูุบุฑูุจ ููุงุฐุง ูุง ูุชู ุงุฎุชุจุงุฑ ุงูููุชุฌ ูุจู ุจูุนู ูุง ุญูู ููุง ููุฉ ุฅูุง ุจุงููู
ูุฌููุนุฉ ูู ุงุทูู ุฎูุงุท ููุงู ุงูุชุฑูู ู ุงููุตุฑู ุนูู ุงูุฌูุฏู ูุชุนุฏุฏุฉ ุงูุงุดูุงู ูุงูุงููุงู (ูุฌููุนุฉ ุฎูุงุท 3 ูุทุน+ ููุธู ุฏุด)),R1RCXQK6PEGEQA,5.0,ููุชุงุฒ,29 July 2025,ููุชุงุฒ ุฌุฏุง ูุฎุงูุฉ ุฌูุฏุฉ ุฌุฏุง
ูุฌููุนุฉ ูู ุงุทูู ุฎูุงุท ููุงู ุงูุชุฑูู ู ุงููุตุฑู ุนูู ุงูุฌูุฏู ูุชุนุฏุฏุฉ ุงูุงุดูุงู ูุงูุงููุงู (ูุฌููุนุฉ ุฎูุงุท 3 ูุทุน+ ููุธู ุฏุด)),R3EME9MVIIJGJ2,2.0,ุฎุงูู ุงู ููุงู,7 August 2025,ููุชุฌ ุงู ููุงู ููุตุญุด ุญุฏ ูุดุชุฑููุงูุชุงุฌุฑ ุบูุฑ ุงููู ุจุงููุฑูุฎุงูุงุช ุถุนููู .. ูุงูุญูุฑ ุนูู ุงูุทูู ูู ูุทุนู ุจุฅุณู ูุฎุชูู
ูุฌููุนุฉ ูู ุงุทูู ุฎูุงุท ููุงู ุงูุชุฑูู ู ุงููุตุฑู ุนูู ุงูุฌูุฏู ูุชุนุฏุฏุฉ ุงูุงุดูุงู ูุงูุงููุงู (ูุฌููุนุฉ ุฎูุงุท 3 ูุทุน+ ููุธู ุฏุด)),R2P23SVCMINHJO,2.0,ูุฏููู ุงููุงุณููู ุฏูุดูุฑ ุญุฏุงุฆู ุงูุชูุจุฑ,28 July 2025,ูุด ุงุญุณู ุญุงุฌุฉ
ูุฌููุนุฉ ูู ุงุทูู ุฎูุงุท ููุงู ุงูุชุฑูู ู ุงููุตุฑู ุนูู ุงูุฌูุฏู ูุชุนุฏุฏุฉ ุงูุงุดูุงู ูุงูุงููุงู (ูุฌููุนุฉ ุฎูุงุท 3 ูุทุน+ ููุธู ุฏุด)),R3J2GK1NGPDYAK,5.0,ูุณุชุงูู ุงูุดุฑุงุก,14 May 2025,ููุชุฌ ูููุณ ุฌุฏุง ูููู
ูุฌููุนุฉ ูู ุงุทูู ุฎูุงุท ููุงู ุงูุชุฑูู ู ุงููุตุฑู ุนูู ุงูุฌูุฏู ูุชุนุฏุฏุฉ ุงูุงุดูุงู ูุงูุงููุงู (ูุฌููุนุฉ ุฎูุงุท 3 ูุทุน+ ููุธู ุฏุด)),RCOTSQ8UHLNZJ,5.0,ูููุณ,25 January 2025,ููุชุฌ ุฌูุฏ ุฌุฏุง ุงูุตุญ ุจุงูุดุฑุงุก
ูุฌููุนุฉ ูู ุงุทูู ุฎูุงุท ููุงู ุงูุชุฑูู ู ุงููุตุฑู ุนูู ุงูุฌูุฏู ูุชุนุฏุฏุฉ ุงูุงุดูุงู ูุงูุงููุงู (ูุฌููุนุฉ ุฎูุงุท 3 ูุทุน+ ููุธู ุฏุด)),R1BTHYZPKO9F0G,5.0,ูุฑูู,26 January 2025,ุฎุงูุฉ ูููุณุฉ ุงูุตุญ ุจุงูุดุฑุงุก
ูุฌููุนุฉ ูู ุงุทูู ุฎูุงุท ููุงู ุงูุชุฑูู ู ุงููุตุฑู ุนูู ุงูุฌูุฏู ูุชุนุฏุฏุฉ ุงูุงุดูุงู ูุงูุงููุงู (ูุฌููุนุฉ ุฎูุงุท 3 ูุทุน+ ููุธู ุฏุด)),R4FS9H00RQSC3,5.0,ุนุฏู,25 January 2025,ุฎุงูุฉ ููุชุงุฒุฉ ูุณุนุฑ ููุงุณุจ
ูุฌููุนุฉ ูู ุงุทูู ุฎูุงุท ููุงู ุงูุชุฑูู ู ุงููุตุฑู ุนูู ุงูุฌูุฏู ูุชุนุฏุฏุฉ ุงูุงุดูุงู ูุงูุงููุงู (ูุฌููุนุฉ ุฎูุงุท 3 ูุทุน+ ููุธู ุฏุด)),R1GDRMZ3I8TJ79,5.0,ูุฏูุฑ,26 January 2025,ููุชุฌุงุช ุงูุจุงุฆุน ุฏู ููุชุงุฒุฉ ุงูุตุญ ุจุงูุดุฑุงุก
Multi Shapes and Colors Bathroom Basin Mixer Set (Golden Closed Waterfall Mixer),R23SJWEAAEWTMJ,5.0,ุงูุตุญ ุจู,29 November 2025,ุดููู ุฑุงุฆุน
Multi Shapes and Colors Bathroom Basin Mixer Set (Golden Closed Waterfall Mixer),R3IQ4G9YJ86U3S,4.0,ุงูุนูุจ ุงููุญูุฏ ุงู ุงููุชูุฌ ูู ุจูุงุณุชูู ูุซูุฑ,15 May 2025,ูู ุญุงุฌู ุชูุงู
Multi Shapes and Colors Bathroom Basin Mixer Set (Golden Closed Waterfall Mixer),R2OZ12UQL1HHA0,1.0,ูุง ูุตูุญ ููุงุณุชุฎุฏุงู,8 November 2025,ูุตู ุญุงุฌุชู ูุงูุตุฉ ูููู ูุดููุฉ ูู ุงูุชุตููุน
Multi Shapes and Colors Bathroom Basin Mixer Set (Golden Closed Waterfall Mixer),R18FA5H8EM3HO,2.0,ุถุนูู ูุน ุงูุนูุฑ ุงูุงูุชุฑุงุถู,27 May 2025,ููุฃุณู ูู ุถุบู ุงูููุงู ููู ูู ูุชูุฑ ุฌุฏุง ูู ุงูุงุณุชุฎุฏุงู ููู ูุงูุนุฏุด ุงูุชุฑ ูู ูฃ ุดููุฑ ูุฌูุจุช ุญุฏ ูุงู ุงูู ุนุงูุฒ ูุชุบูุฑ
Multi Shapes and Colors Bathroom Basin Mixer Set (Golden Closed Waterfall Mixer),R2Z436ZBTJ9CFH,5.0,very useful,26 September 2025,"hard to instal but highy recommended despite that it's made of plastic not metal. in general i find it very useful.
Read more"
Multi Shapes and Colors Bathroom Basin Mixer Set (Golden Closed Waterfall Mixer),R29HRD4BJ2E0YM,5.0,ูุงู ุชููุนุงุชู,28 January 2025,ุงูููุชุฌ ุฌูุฏ ูุดูู ุงุฑุชูุงุนู ููุงุณุจ ููุฃุญูุงุถ ุงูุบุงุทุณููุนูู ุญุชู ุงูุงู ุจููุงุฆู ููุชุงุฒู
Multi Shapes and Colors Bathroom Basin Mixer Set (Golden Closed Waterfall Mixer),RSJUMK8MJ0ZHM,5.0,ุจุดุงูุฑ,12 January 2025,ููุชุฌ ุฎุงูุฉ ูุญุชุฑูุฉ ููู ุงูููุชุฌุงุช ุงููู ููุช ุจุดุฑุงุฆูุง ูู ููุง ูููุณุฉ ุดูุฑุง
Multi Shapes and Colors Bathroom Basin Mixer Set (Golden Closed Waterfall Mixer),R39XLDD6UM6775,2.0,ููุงุณู ุจุงุธ ุจุนุฏ ุดูุฑ ุงุณุชุฎุฏุงู ูุด ุจูุฎุฑุฌ ููู ุณุฎูู ุจุงุฑุฏ ููุท,25 May 2025,ููุงุณู ุจุงุธ ุจุนุฏ ุดูุฑ ุงุณุชุฎุฏุงู ูุด ุจูุฎุฑุฌ ููู ุณุฎูู ุจุงุฑุฏ ููุท
ุทูู ุฎูุงุท ุญูุถ ุญูุงู ูุชุนุฏุฏ ุฃุดูุงู ูุงูุงููุงู (ุฎูุงุท ุงููุงู ูุถู),R23SJWEAAEWTMJ,5.0,ุงูุตุญ ุจู,29 November 2025,ุดููู ุฑุงุฆุน
ุทูู ุฎูุงุท ุญูุถ ุญูุงู ูุชุนุฏุฏ ุฃุดูุงู ูุงูุงููุงู (ุฎูุงุท ุงููุงู ูุถู),R3IQ4G9YJ86U3S,4.0,ุงูุนูุจ ุงููุญูุฏ ุงู ุงููุชูุฌ ูู ุจูุงุณุชูู ูุซูุฑ,15 May 2025,ูู ุญุงุฌู ุชูุงู
ุทูู ุฎูุงุท ุญูุถ ุญูุงู ูุชุนุฏุฏ ุฃุดูุงู ูุงูุงููุงู (ุฎูุงุท ุงููุงู ูุถู),R2OZ12UQL1HHA0,1.0,ูุง ูุตูุญ ููุงุณุชุฎุฏุงู,8 November 2025,ูุตู ุญุงุฌุชู ูุงูุตุฉ ูููู ูุดููุฉ ูู ุงูุชุตููุน
ุทูู ุฎูุงุท ุญูุถ ุญูุงู ูุชุนุฏุฏ ุฃุดูุงู ูุงูุงููุงู (ุฎูุงุท ุงููุงู ูุถู),R18FA5H8EM3HO,2.0,ุถุนูู ูุน ุงูุนูุฑ ุงูุงูุชุฑุงุถู,27 May 2025,ููุฃุณู ูู ุถุบู ุงูููุงู ููู ูู ูุชูุฑ ุฌุฏุง ูู ุงูุงุณุชุฎุฏุงู ููู ูุงูุนุฏุด ุงูุชุฑ ูู ูฃ ุดููุฑ ูุฌูุจุช ุญุฏ ูุงู ุงูู ุนุงูุฒ ูุชุบูุฑ
ุทูู ุฎูุงุท ุญูุถ ุญูุงู ูุชุนุฏุฏ ุฃุดูุงู ูุงูุงููุงู (ุฎูุงุท ุงููุงู ูุถู),R2Z436ZBTJ9CFH,5.0,very useful,26 September 2025,"hard to instal but highy recommended despite that it's made of plastic not metal. in general i find it very useful.
Read more"
ุทูู ุฎูุงุท ุญูุถ ุญูุงู ูุชุนุฏุฏ ุฃุดูุงู ูุงูุงููุงู (ุฎูุงุท ุงููุงู ูุถู),R29HRD4BJ2E0YM,5.0,ูุงู ุชููุนุงุชู,28 January 2025,ุงูููุชุฌ ุฌูุฏ ูุดูู ุงุฑุชูุงุนู ููุงุณุจ ููุฃุญูุงุถ ุงูุบุงุทุณููุนูู ุญุชู ุงูุงู ุจููุงุฆู ููุชุงุฒู
ุทูู ุฎูุงุท ุญูุถ ุญูุงู ูุชุนุฏุฏ ุฃุดูุงู ูุงูุงููุงู (ุฎูุงุท ุงููุงู ูุถู),RSJUMK8MJ0ZHM,5.0,ุจุดุงูุฑ,12 January 2025,ููุชุฌ ุฎุงูุฉ ูุญุชุฑูุฉ ููู ุงูููุชุฌุงุช ุงููู ููุช ุจุดุฑุงุฆูุง ูู ููุง ูููุณุฉ ุดูุฑุง
ุทูู ุฎูุงุท ุญูุถ ุญูุงู ูุชุนุฏุฏ ุฃุดูุงู ูุงูุงููุงู (ุฎูุงุท ุงููุงู ูุถู),R39XLDD6UM6775,2.0,ููุงุณู ุจุงุธ ุจุนุฏ ุดูุฑ ุงุณุชุฎุฏุงู ูุด ุจูุฎุฑุฌ ููู ุณุฎูู ุจุงุฑุฏ ููุท,25 May 2025,ููุงุณู ุจุงุธ ุจุนุฏ ุดูุฑ ุงุณุชุฎุฏุงู ูุด ุจูุฎุฑุฌ ููู ุณุฎูู ุจุงุฑุฏ ููุท
ูุฌููุนุฉ ูู ุงุทูู ุฎูุงุท ููุงู ุงูุชุฑูู ูุงูููุตุฑ ุนูู ุงูุฌูุฏู ูุชููุนู ุงูุงุดูุงู ูุงูุงููุงู ((ูุงูุชุงุฑุฉ ุฎูุงุท ูููู)),R2AQORK5272IGR,3.0,ุฌูุฏ ูููู,3 December 2024,ุฎูุงุท ุงูุจุงููู ุฌุฏูุฏ ูุฎูุงุท ุงูุญูุงู ุฌุฏูุฏ ูููู ุฎูุงุท ุงููุทุจุฎ ุนูู ุงูุญุงุฆุท ุงููุฏ ููุฎูุฎู ููุญุทูุท ูู ูุฑุชููู ูุด ุจุชุงุนุชู ููููู ุจุงูุนุงููู ููุช ุงุชููู ุงูุทูุจ ุญุณุจ ุงูุตูุฑู ูุนูุจ ุชุจุนุช ูข ุฎูุงุท ูููุณูู ูุฎูุงุท ุจู ุนููุจ ุงูุง ุบูุฑ ูุจุณูุท ูู ุฅุฌูุงูู ุงูุทูุจ
ูุฌููุนุฉ ูู ุงุทูู ุฎูุงุท ููุงู ุงูุชุฑูู ูุงูููุตุฑ ุนูู ุงูุฌูุฏู ูุชููุนู ุงูุงุดูุงู ูุงูุงููุงู ((ูุงูุชุงุฑุฉ ุฎูุงุท ูููู)),R122A4KUWN4L7M,5.0,ุงูุตุญ ุจุดุฑุงุก ุงูููุชุฌ,17 December 2024,ููุชุฌ ุฌููู ูุนููู ูุณูู ุงูุงุณุชุฎุฏุงู
ูุฌููุนุฉ ูู ุงุทูู ุฎูุงุท ููุงู ุงูุชุฑูู ูุงูููุตุฑ ุนูู ุงูุฌูุฏู ูุชููุนู ุงูุงุดูุงู ูุงูุงููุงู ((ูุงูุชุงุฑุฉ ุฎูุงุท ูููู)),R3V00SFEZ866XM,2.0,ุญุณุงู,2 September 2025,ูููุณุฉ
ูุฌููุนุฉ ูู ุงุทูู ุฎูุงุท ููุงู ุงูุชุฑูู ูุงูููุตุฑ ุนูู ุงูุฌูุฏู ูุชููุนู ุงูุงุดูุงู ูุงูุงููุงู ((ูุงูุชุงุฑุฉ ุฎูุงุท ูููู)),R1400B655YO510,5.0,ูุฑูู,22 November 2024,"ููุชุฌ ููุชุงุฒ ุงูุตุญ ุจุดุฑุงุฆู
Read more"
ูุฌููุนุฉ ูู ุงุทูู ุฎูุงุท ููุงู ุงูุชุฑูู ูุงูููุตุฑ ุนูู ุงูุฌูุฏู ูุชููุนู ุงูุงุดูุงู ูุงูุงููุงู ((ูุงูุชุงุฑุฉ ุฎูุงุท ูููู)),R1DQZMMCJUHZE,5.0,ููู ูููุฒ,7 October 2024,ุณููุฉ ุงูุญุฑูุฉ
ูุฌููุนุฉ ูู ุงุทูู ุฎูุงุท ููุงู ุงูุชุฑูู ูุงูููุตุฑ ุนูู ุงูุฌูุฏู ูุชููุนู ุงูุงุดูุงู ูุงูุงููุงู ((ูุงูุชุงุฑุฉ ุฎูุงุท ูููู)),R3MXMPUIFVKI2L,5.0,ููุชุงุฒุฉ,18 October 2024,ุฎุงูุฉ ุฌูุฏุฉ ู ุณูุณุฉ
ูุฌููุนุฉ ูู ุงุทูู ุฎูุงุท ููุงู ุงูุชุฑูู ูุงูููุตุฑ ุนูู ุงูุฌูุฏู ูุชููุนู ุงูุงุดูุงู ูุงูุงููุงู ((ูุงูุชุงุฑุฉ ุฎูุงุท ูููู)),RCRZ1GUCBRN9E,5.0,ูุงูู,15 November 2024,ุจุงุฆุน ูุญุชุฑู ุงูุตุญ ุจุงูุดุฑุงุก ููู
ูุฌููุนุฉ ูู ุงุทูู ุฎูุงุท ููุงู ุงูุชุฑูู ูุงูููุตุฑ ุนูู ุงูุฌูุฏู ูุชููุนู ุงูุงุดูุงู ูุงูุงููุงู ((ูุงูุชุงุฑุฉ ุฎูุงุท ูููู)),RG3UONCZ03GZQ,5.0,ูููุณ,29 October 2024,ููุชุฌ ูุญุชุฑู ุงูุตุญ ุจุดุฑุงุฆู
ูุฌููุนุฉ ูู ุงุทูู ุฎูุงุท ููุงู ุงูุชุฑูู ู ุงููุตุฑู ุนูู ุงูุฌูุฏู ูุชุนุฏุฏุฉ ุงูุงุดูุงู ูุงูุงููุงู ((ุทูู ุฎูุงุท ุฎููู)),R1RCXQK6PEGEQA,5.0,ููุชุงุฒ,29 July 2025,ููุชุงุฒ ุฌุฏุง ูุฎุงูุฉ ุฌูุฏุฉ ุฌุฏุง
ูุฌููุนุฉ ูู ุงุทูู ุฎูุงุท ููุงู ุงูุชุฑูู ู ุงููุตุฑู ุนูู ุงูุฌูุฏู ูุชุนุฏุฏุฉ ุงูุงุดูุงู ูุงูุงููุงู ((ุทูู ุฎูุงุท ุฎููู)),R3EME9MVIIJGJ2,2.0,ุฎุงูู ุงู ููุงู,7 August 2025,ููุชุฌ ุงู ููุงู ููุตุญุด ุญุฏ ูุดุชุฑููุงูุชุงุฌุฑ ุบูุฑ ุงููู ุจุงููุฑูุฎุงูุงุช ุถุนููู .. ูุงูุญูุฑ ุนูู ุงูุทูู ูู ูุทุนู ุจุฅุณู ูุฎุชูู
ูุฌููุนุฉ ูู ุงุทูู ุฎูุงุท ููุงู ุงูุชุฑูู ู ุงููุตุฑู ุนูู ุงูุฌูุฏู ูุชุนุฏุฏุฉ ุงูุงุดูุงู ูุงูุงููุงู ((ุทูู ุฎูุงุท ุฎููู)),R2P23SVCMINHJO,2.0,ูุฏููู ุงููุงุณููู ุฏูุดูุฑ ุญุฏุงุฆู ุงูุชูุจุฑ,28 July 2025,ูุด ุงุญุณู ุญุงุฌุฉ
ูุฌููุนุฉ ูู ุงุทูู ุฎูุงุท ููุงู ุงูุชุฑูู ู ุงููุตุฑู ุนูู ุงูุฌูุฏู ูุชุนุฏุฏุฉ ุงูุงุดูุงู ูุงูุงููุงู ((ุทูู ุฎูุงุท ุฎููู)),R3J2GK1NGPDYAK,5.0,ูุณุชุงูู ุงูุดุฑุงุก,14 May 2025,ููุชุฌ ูููุณ ุฌุฏุง ูููู
ูุฌููุนุฉ ูู ุงุทูู ุฎูุงุท ููุงู ุงูุชุฑูู ู ุงููุตุฑู ุนูู ุงูุฌูุฏู ูุชุนุฏุฏุฉ ุงูุงุดูุงู ูุงูุงููุงู ((ุทูู ุฎูุงุท ุฎููู)),RCOTSQ8UHLNZJ,5.0,ูููุณ,25 January 2025,ููุชุฌ ุฌูุฏ ุฌุฏุง ุงูุตุญ ุจุงูุดุฑุงุก
ูุฌููุนุฉ ูู ุงุทูู ุฎูุงุท ููุงู ุงูุชุฑูู ู ุงููุตุฑู ุนูู ุงูุฌูุฏู ูุชุนุฏุฏุฉ ุงูุงุดูุงู ูุงูุงููุงู ((ุทูู ุฎูุงุท ุฎููู)),R1BTHYZPKO9F0G,5.0,ูุฑูู,26 January 2025,ุฎุงูุฉ ูููุณุฉ ุงูุตุญ ุจุงูุดุฑุงุก
ูุฌููุนุฉ ูู ุงุทูู ุฎูุงุท ููุงู ุงูุชุฑูู ู ุงููุตุฑู ุนูู ุงูุฌูุฏู ูุชุนุฏุฏุฉ ุงูุงุดูุงู ูุงูุงููุงู ((ุทูู ุฎูุงุท ุฎููู)),R4FS9H00RQSC3,5.0,ุนุฏู,25 January 2025,ุฎุงูุฉ ููุชุงุฒุฉ ูุณุนุฑ ููุงุณุจ
ูุฌููุนุฉ ูู ุงุทูู ุฎูุงุท ููุงู ุงูุชุฑูู ู ุงููุตุฑู ุนูู ุงูุฌูุฏู ูุชุนุฏุฏุฉ ุงูุงุดูุงู ูุงูุงููุงู ((ุทูู ุฎูุงุท ุฎููู)),R1GDRMZ3I8TJ79,5.0,ูุฏูุฑ,26 January 2025,ููุชุฌุงุช ุงูุจุงุฆุน ุฏู ููุชุงุฒุฉ ุงูุตุญ ุจุงูุดุฑุงุก
"Basin Taps, Bathroom Tap, High Waterfall Basin Tap, Hot and Cold Water Mixer Tap with Mixer, Modern and Square Design, Includes Hoses (Matte Black)",R34DQQTHVXS7WX,,,22 November 2024,"Perfecto, queda muy bonito y se ve de muy buena calidad, lo tengo colocado hace meses y genial, pensaba que iba a ser mas sucio al ser negro, pero no."
"Basin Taps, Bathroom Tap, High Waterfall Basin Tap, Hot and Cold Water Mixer Tap with Mixer, Modern and Square Design, Includes Hoses (Matte Black)",R1Q2MEBU99J0XG,,,24 July 2024,Fรกcil de instalar y con todos los complementos necesarios para instalarlo. Muy bien acabado
"Basin Taps, Bathroom Tap, High Waterfall Basin Tap, Hot and Cold Water Mixer Tap with Mixer, Modern and Square Design, Includes Hoses (Matte Black)",R13CXLA244FPX6,,,5 December 2023,Es preciosa!!
"Basin Taps, Bathroom Tap, High Waterfall Basin Tap, Hot and Cold Water Mixer Tap with Mixer, Modern and Square Design, Includes Hoses (Matte Black)",R2PQBXZ41NKM51,,,4 September 2023,Grifo de acero negro.De tamaรฑo es alto y el caudal de agua es tipo fuente.Queda bien en cualquier lavabo y es muy original.
"Basin Taps, Bathroom Tap, High Waterfall Basin Tap, Hot and Cold Water Mixer Tap with Mixer, Modern and Square Design, Includes Hoses (Matte Black)",R2W1H7O813PPHG,,,10 August 2023,"Grifo bonito y moderno.Tipo cascada, negro mate. La verdad es que queda muy bonito y vistoso. Llama la atenciรณn.Para tener este diseรฑo, que es un poco especial, estรก bien de precio.Viene bien presentado y precintado, lo que te garantiza que no ha sido manipulado con antelaciรณn.El monomando funciona correctamente.Por su diseรฑo hay que prestar atenciรณn especial a la limpieza de la zona superior, una vez abierto el mando, pero resulta muy fรกcil al ser de lรญneas limpias.Por ahora estรก dando un buen resultado."
ูุฌููุนุฉ ูู ุงุทูู ุฎูุงุท ููุงู ุงูุชุฑูู ูุงูููุตุฑ ุนูู ุงูุฌูุฏู ูุชุนุฏุฏุฉ ุงูุงุดูุงู ูุงูุงููุงู (ุฎูุงุท ุฏุด ูุญุงุณ ูุถู),R2AQORK5272IGR,3.0,ุฌูุฏ ูููู,3 December 2024,ุฎูุงุท ุงูุจุงููู ุฌุฏูุฏ ูุฎูุงุท ุงูุญูุงู ุฌุฏูุฏ ูููู ุฎูุงุท ุงููุทุจุฎ ุนูู ุงูุญุงุฆุท ุงููุฏ ููุฎูุฎู ููุญุทูุท ูู ูุฑุชููู ูุด ุจุชุงุนุชู ููููู ุจุงูุนุงููู ููุช ุงุชููู ุงูุทูุจ ุญุณุจ ุงูุตูุฑู ูุนูุจ ุชุจุนุช ูข ุฎูุงุท ูููุณูู ูุฎูุงุท ุจู ุนููุจ ุงูุง ุบูุฑ ูุจุณูุท ูู ุฅุฌูุงูู ุงูุทูุจ
ูุฌููุนุฉ ูู ุงุทูู ุฎูุงุท ููุงู ุงูุชุฑูู ูุงูููุตุฑ ุนูู ุงูุฌูุฏู ูุชุนุฏุฏุฉ ุงูุงุดูุงู ูุงูุงููุงู (ุฎูุงุท ุฏุด ูุญุงุณ ูุถู),R122A4KUWN4L7M,5.0,ุงูุตุญ ุจุดุฑุงุก ุงูููุชุฌ,17 December 2024,ููุชุฌ ุฌููู ูุนููู ูุณูู ุงูุงุณุชุฎุฏุงู
ูุฌููุนุฉ ูู ุงุทูู ุฎูุงุท ููุงู ุงูุชุฑูู ูุงูููุตุฑ ุนูู ุงูุฌูุฏู ูุชุนุฏุฏุฉ ุงูุงุดูุงู ูุงูุงููุงู (ุฎูุงุท ุฏุด ูุญุงุณ ูุถู),R3V00SFEZ866XM,2.0,ุญุณุงู,2 September 2025,ูููุณุฉ
ูุฌููุนุฉ ูู ุงุทูู ุฎูุงุท ููุงู ุงูุชุฑูู ูุงูููุตุฑ ุนูู ุงูุฌูุฏู ูุชุนุฏุฏุฉ ุงูุงุดูุงู ูุงูุงููุงู (ุฎูุงุท ุฏุด ูุญุงุณ ูุถู),R1400B655YO510,5.0,ูุฑูู,22 November 2024,"ููุชุฌ ููุชุงุฒ ุงูุตุญ ุจุดุฑุงุฆู
Read more"
ูุฌููุนุฉ ูู ุงุทูู ุฎูุงุท ููุงู ุงูุชุฑูู ูุงูููุตุฑ ุนูู ุงูุฌูุฏู ูุชุนุฏุฏุฉ ุงูุงุดูุงู ูุงูุงููุงู (ุฎูุงุท ุฏุด ูุญุงุณ ูุถู),R1DQZMMCJUHZE,5.0,ููู ูููุฒ,7 October 2024,ุณููุฉ ุงูุญุฑูุฉ
ูุฌููุนุฉ ูู ุงุทูู ุฎูุงุท ููุงู ุงูุชุฑูู ูุงูููุตุฑ ุนูู ุงูุฌูุฏู ูุชุนุฏุฏุฉ ุงูุงุดูุงู ูุงูุงููุงู (ุฎูุงุท ุฏุด ูุญุงุณ ูุถู),R3MXMPUIFVKI2L,5.0,ููุชุงุฒุฉ,18 October 2024,ุฎุงูุฉ ุฌูุฏุฉ ู ุณูุณุฉ
ูุฌููุนุฉ ูู ุงุทูู ุฎูุงุท ููุงู ุงูุชุฑูู ูุงูููุตุฑ ุนูู ุงูุฌูุฏู ูุชุนุฏุฏุฉ ุงูุงุดูุงู ูุงูุงููุงู (ุฎูุงุท ุฏุด ูุญุงุณ ูุถู),RCRZ1GUCBRN9E,5.0,ูุงูู,15 November 2024,ุจุงุฆุน ูุญุชุฑู ุงูุตุญ ุจุงูุดุฑุงุก ููู
ูุฌููุนุฉ ูู ุงุทูู ุฎูุงุท ููุงู ุงูุชุฑูู ูุงูููุตุฑ ุนูู ุงูุฌูุฏู ูุชุนุฏุฏุฉ ุงูุงุดูุงู ูุงูุงููุงู (ุฎูุงุท ุฏุด ูุญุงุณ ูุถู),RG3UONCZ03GZQ,5.0,ูููุณ,29 October 2024,ููุชุฌ ูุญุชุฑู ุงูุตุญ ุจุดุฑุงุฆู
ูุฌููุนุฉ ูู ุงุทูู ุฎูุงุท ููุงู ุงูุชุฑูู ู ุงููุตุฑู ุนูู ุงูุฌูุฏู ูุชุนุฏุฏุฉ ุงูุงุดูุงู ูุงูุงููุงู ((ุทูู ุฎูุงุท ูุฑูุจ)),R2AQORK5272IGR,3.0,ุฌูุฏ ูููู,3 December 2024,ุฎูุงุท ุงูุจุงููู ุฌุฏูุฏ ูุฎูุงุท ุงูุญูุงู ุฌุฏูุฏ ูููู ุฎูุงุท ุงููุทุจุฎ ุนูู ุงูุญุงุฆุท ุงููุฏ ููุฎูุฎู ููุญุทูุท ูู ูุฑุชููู ูุด ุจุชุงุนุชู ููููู ุจุงูุนุงููู ููุช ุงุชููู ุงูุทูุจ ุญุณุจ ุงูุตูุฑู ูุนูุจ ุชุจุนุช ูข ุฎูุงุท ูููุณูู ูุฎูุงุท ุจู ุนููุจ ุงูุง ุบูุฑ ูุจุณูุท ูู ุฅุฌูุงูู ุงูุทูุจ
ูุฌููุนุฉ ูู ุงุทูู ุฎูุงุท ููุงู ุงูุชุฑูู ู ุงููุตุฑู ุนูู ุงูุฌูุฏู ูุชุนุฏุฏุฉ ุงูุงุดูุงู ูุงูุงููุงู ((ุทูู ุฎูุงุท ูุฑูุจ)),R122A4KUWN4L7M,5.0,ุงูุตุญ ุจุดุฑุงุก ุงูููุชุฌ,17 December 2024,ููุชุฌ ุฌููู ูุนููู ูุณูู ุงูุงุณุชุฎุฏุงู
ูุฌููุนุฉ ูู ุงุทูู ุฎูุงุท ููุงู ุงูุชุฑูู ู ุงููุตุฑู ุนูู ุงูุฌูุฏู ูุชุนุฏุฏุฉ ุงูุงุดูุงู ูุงูุงููุงู ((ุทูู ุฎูุงุท ูุฑูุจ)),R3V00SFEZ866XM,2.0,ุญุณุงู,2 September 2025,ูููุณุฉ
ูุฌููุนุฉ ูู ุงุทูู ุฎูุงุท ููุงู ุงูุชุฑูู ู ุงููุตุฑู ุนูู ุงูุฌูุฏู ูุชุนุฏุฏุฉ ุงูุงุดูุงู ูุงูุงููุงู ((ุทูู ุฎูุงุท ูุฑูุจ)),R1400B655YO510,5.0,ูุฑูู,22 November 2024,"ููุชุฌ ููุชุงุฒ ุงูุตุญ ุจุดุฑุงุฆู
Read more"
ูุฌููุนุฉ ูู ุงุทูู ุฎูุงุท ููุงู ุงูุชุฑูู ู ุงููุตุฑู ุนูู ุงูุฌูุฏู ูุชุนุฏุฏุฉ ุงูุงุดูุงู ูุงูุงููุงู ((ุทูู ุฎูุงุท ูุฑูุจ)),R1DQZMMCJUHZE,5.0,ููู ูููุฒ,7 October 2024,ุณููุฉ ุงูุญุฑูุฉ
ูุฌููุนุฉ ูู ุงุทูู ุฎูุงุท ููุงู ุงูุชุฑูู ู ุงููุตุฑู ุนูู ุงูุฌูุฏู ูุชุนุฏุฏุฉ ุงูุงุดูุงู ูุงูุงููุงู ((ุทูู ุฎูุงุท ูุฑูุจ)),R3MXMPUIFVKI2L,5.0,ููุชุงุฒุฉ,18 October 2024,ุฎุงูุฉ ุฌูุฏุฉ ู ุณูุณุฉ
ูุฌููุนุฉ ูู ุงุทูู ุฎูุงุท ููุงู ุงูุชุฑูู ู ุงููุตุฑู ุนูู ุงูุฌูุฏู ูุชุนุฏุฏุฉ ุงูุงุดูุงู ูุงูุงููุงู ((ุทูู ุฎูุงุท ูุฑูุจ)),RCRZ1GUCBRN9E,5.0,ูุงูู,15 November 2024,ุจุงุฆุน ูุญุชุฑู ุงูุตุญ ุจุงูุดุฑุงุก ููู
ูุฌููุนุฉ ูู ุงุทูู ุฎูุงุท ููุงู ุงูุชุฑูู ู ุงููุตุฑู ุนูู ุงูุฌูุฏู ูุชุนุฏุฏุฉ ุงูุงุดูุงู ูุงูุงููุงู ((ุทูู ุฎูุงุท ูุฑูุจ)),RG3UONCZ03GZQ,5.0,ูููุณ,29 October 2024,ููุชุฌ ูุญุชุฑู ุงูุตุญ ุจุดุฑุงุฆู
ุฎูุงุท ุญูุถ ุญูุงู ูุชุนุฏุฏ ุงูุงุดูุงู ูุงูุงููุงู ((ุฎูุงุท ุญูุถ ุญุฏูุซ ููุงู ุงุณูุฏ)),R35KW0RWUZO00D,5.0,ููุชุฌ ููุงูุชู ุนุงูู ุงูุฌูุฏู  ูุดููู ุงูุณูุงุจู ูุฌููู,13 October 2025,ููุชุฌ ููุงูุชู ุนุงูู ุงูุฌูุฏููุดููู ุงูุณูุงุจู ูุฌููู
Shower Ruler Set (Silver Bathroom Shower Mixer)),R1MVB1B9CCPO9S,5.0,ููุชุงุฒ,16 September 2025,ุงุฏุงุฆู ููุชุงุฒ
Shower Ruler Set (Silver Bathroom Shower Mixer)),R3CC4HFO741NAS,1.0,ููุชุฌ ุณูุฆ ุฌุฏุง ูุจูุดุฑ ููู ูู ูู ุญุชู,23 September 2025,ูุง ุงูุตุญ ุจุงูุดุฑุงุก ุจุงูุธ ูุจูุดุฑ ูู ูู ุญุชู ููููุด ูุนุงู ุงู ุญุงุฌู ุฎูุงุท ููุท ุจุงุงุงุงูุธ ูู ุงูู ูุงุฑูุจ
Shower Ruler Set (Silver Bathroom Shower Mixer)),RB68Y2RVALHDR,5.0,ูุฑูู,26 January 2025,ุฎุงูุฉ ูููุณุฉ ุงูุตุญ ุจุงูุดุฑุงุก
Shower Ruler Set (Silver Bathroom Shower Mixer)),R2FBO0API8ZK7O,2.0,ุงูููุชุฌ ูุงูุต ูุณุทุฑุฉ ุงูุฏุด,28 July 2025,ุชู ุชุณููู ุงูููุชุฌ ูุงูุต ูุณุทุฑุฉ ุงูุฏุด
Shower Ruler Set (Silver Bathroom Shower Mixer)),RZL2Q8J5QKRLZ,3.0,ุงููุงุณูุฑุฉ ุจุชุงุนุช ุงูุดุงูุฑ ูุตูุฑุฉ ูููุด ูุตูุฉ,31 July 2025,ุงููุงุณูุฑุฉ ูุตูุฑุฉ ูููุด ูุตูุฉ ุชุทูููุง
Shower Ruler Set (Silver Bathroom Shower Mixer)),R3VNJOOG56MJG7,4.0,ุจูุฌู ูุนุงู ุณูุงุนู ุฏุด ููุง ุฎูุงุท ุจุณ,11 July 2025,ุจูุฌู ูุนุงู ุณูุงุนู ุฏุด ููุง ุฎูุงุท ุจุณุ
Shower Ruler Set (Silver Bathroom Shower Mixer)),R2E784Q6NXUP46,5.0,ุนุฏู,25 January 2025,ุฎุงูุฉ ููุชุงุฒุฉ ูุณุนุฑ ููุงุณุจ
Shower Ruler Set (Silver Bathroom Shower Mixer)),R1KFURUEO8T3CW,5.0,ูููุณ,25 January 2025,"ููุชุฌ ููุชุงุฒ
Read more"
Copper Mixer (Economical Bath Basin Mixer),R2FGH8ASVRE69X,2.0,ููุตู,1 September 2025,ุบูุฑ ุฌูุฏ ุงููุตูุงุช ุจุงูุถุบุท ูููุณุช ุตุงูููู ููุฐุง ุบูุฑ ุฌูุฏ
Copper Mixer (Economical Bath Basin Mixer),R2NX91OVVC8T7,1.0,ููุงุณ ุงูุฎูุงุท ูุตูุฑ,11 March 2025,ุงูุฎูุงุท ูุตูุฑ ููุง ูุตูุญ ูุชุฑููุจู ุฎูุงุท ูุฏูู ูุงู ูู ุงููุนุฑูู ุงู ูุชุฑุงูุญ ุงูููุงุณ ูู ูกูฅุณู ุงูู ูกูงุณู ูุงุจูู ุงูุตูุงููู ูููู ุงูููุชุฌ ูกูคุณู ูุงููุฑููุงุช ุนูู ูุถุน ุงูู ูุณุงูู ูุด ุฌุงูุจู ุงูุตูุงููู ูููู ุงูุฎูุงุท ููุชุงุฒ ูู ููุฌูุฏ ูู ุงูุชุงุณูุณ
Copper Mixer (Economical Bath Basin Mixer),R2JK40S26NN7NV,5.0,ููุชุงุฒ,14 November 2024,ููุชุงุฒ ูููู ูููุงุณุจ ูุณุนุฑู
Copper Mixer (Economical Bath Basin Mixer),R2I9RFLMIR9PR,3.0,ุชูุงู,13 July 2023,ุจุณ ูุตูุช ุงูููุทุฑุฉ ุจูุง ุจุนุถ ุงูุงูุงูู ูุชุทุจูุฉ
Copper Mixer (Economical Bath Basin Mixer),RREO1SBUK2FP6,1.0,ุณุฆ ุฌุฏุง,3 June 2025,ุฑุฏุฆ ู ุจู ุชุณุฑูุจ ููููุงู ุทุจุนุง ุธูุฑ ุจุนุฏ ุชุฑููุจู ู ุงุณุชุนูุงูู
Copper Mixer (Economical Bath Basin Mixer),REM8EWHM5RIBV,1.0,ุงูููุชุฌ ุงุฑุฏุฆ ูู ุฃู ููุงู ุนููู ุจุงูุธ ููุด ูููุณ,6 June 2025,ุงูููุชุฌ ุงุฑุฏุฆ ูู ุฃู ููุงู ุนููู ุจุงูุธ ููุด ูููุณ
Copper Mixer (Economical Bath Basin Mixer),R1NBQ1FOUDGKVW,1.0,ุงูุฎูุงุท ุจูุณุฑุจ ููุงุฉ,27 November 2023,ุณุฆ ูุจูุณุฑุจ ููุงู ูุชุตููุน ุชุญุช ุจูุฑ ุงูุณูู ูุบุด ุงูู ููุชูุจ ุนููู ุตูุน ุจุงูุทุงููุง
Copper Mixer (Economical Bath Basin Mixer),RF14Y9VPXDP9K,5.0,ุชูุงู,8 February 2025,ุชูุงู
Shattaf Mixer Multi Shapes and Colors (Modern Metal Wall Bathroom Shattaf Mixer with Flexible Hose and Controllable Spray Head (Silver Square),R3FN3T6XVRTUUQ,5.0,ููุชุงุฐ ุฌุฏุง ุดูุฑุง ููู,25 November 2025,โญ๏ธโญ๏ธโญ๏ธโญ๏ธโญ๏ธุงูููุชุฌ ููุชุงุฒ ูุนููุง! ุงูุฎูุงุท ุฌูุฏุชู ุนุงููุฉ ูุจููุชุญ ููููู ุจุณูุงุณุฉุ ูุงูุถุบุท ุซุงุจุช ููุฑูุญ. ุงูุชุฑููุจ ูุงู ุณููุ ูุงูุดูู ุดูู ููุถูู. ุจุตุฑุงุญุฉ ูุงุฏูุง ูู ุงูุญููุงู ุฌุฏูุง ููุฑูุญ ูู ุงูุงุณุชุฎุฏุงู ุงููููู. ุฃูุตุญ ุจูู ูุจููุฉ.
Shattaf Mixer Multi Shapes and Colors (Modern Metal Wall Bathroom Shattaf Mixer with Flexible Hose and Controllable Spray Head (Silver Square),R2WK0KCFCUZBPW,5.0,ููุชุงุฐ,25 November 2025,ุฎูุงุท ุดุทุงู ููุชุงุฐ ููููุฒ ูุงููุงูู ุฑุงุฆุนู
Bath Shower Mixer (Chrome Silver Shower Ruler)),R22DKDRHVFQH43,5.0,ุฑุถูู,4 January 2025,ุฎุงูุฉ ููุชุงุฒุฉ ุงูุตุญ ุจุงูุดุฑุงุก
Bath Shower Mixer (Chrome Silver Shower Ruler)),R15Y7AM9WJ3E21,5.0,ูุตุทูู,1 January 2025,ุดุบู ููุชุงุฒ
Bath Shower Mixer (Chrome Silver Shower Ruler)),R20F1I854U2454,5.0,ูุงุณููู,4 January 2025,ุณูุงุนุฉ ุดูุฑ ุฌูููุฉ ุดูุฑุง
Bath Shower Mixer (Chrome Silver Shower Ruler)),R3TMK1GVFEPOIM,5.0,ุตุงูุญ,1 January 2025,ุณูุงุนุฉ ุฌูุฏู ุงูุตุญ ุจุงูุดุฑุงุก
Shattaf Mixer Multi Shapes and Colors (Modern Metal Wall Bathroom Shattaf Mixer with Flexible Hose and Controllable Spray Head (Silver Square),RXSY50KS5PLJT,5.0,ุดูุฑุข ููู,25 November 2025,โญ๏ธโญ๏ธโญ๏ธโญ๏ธโญ๏ธุงูููุชุฌ ููุชุงุฒ ูุนููุง! ุงูุฎูุงุท ุฌูุฏุชู ุนุงููุฉ ูุจููุชุญ ููููู ุจุณูุงุณุฉุ ูุงูุถุบุท ุซุงุจุช ููุฑูุญ. ุงูุชุฑููุจ ูุงู ุณููุ ูุงูุดูู ุดูู ููุถูู. ุจุตุฑุงุญุฉ ูุงุฏูุง ูู ุงูุญููุงู ุฌุฏูุง ููุฑูุญ ูู ุงูุงุณุชุฎุฏุงู ุงููููู. ุฃูุตุญ ุจูู ูุจููุฉ.
ูุฌููุนุฉ ูู ุงุทูู ุฎูุงุท ููุงู ุงูุชุฑูู ู ุงููุตุฑู ุนุงููุฉ ุงูุฌูุฏู ูุชุนุฏุงุฏุฉ ุงูุงุดูุงู ูุงูุงููุงู (ุทูู ุฎูุงุท ุญูููุฉ HAND MXER),R16O0YP6C50TNY,5.0,ููุชุฌ ุฌููู,2 July 2025,ุงุฏุงุก ุงูููุชุฌ ูููู ุงูุชููุนุงุช
ูุฌููุนุฉ ูู ุงุทูู ุฎูุงุท ููุงู ุงูุชุฑูู ู ุงููุตุฑู ุนุงููุฉ ุงูุฌูุฏู ูุชุนุฏุงุฏุฉ ุงูุงุดูุงู ูุงูุงููุงู (ุทูู ุฎูุงุท ุญูููุฉ HAND MXER),RQPJWWC9MSZ9L,5.0,ูุชููุฒ ุฌุฏุง,5 July 2025,ููุชุฌูู ุจูุณุชูู ุฌูุฏุฉ ููุชุงุฒ ููุณุนุฏูู ุงูุชุนุงูู ูุนููุ ุดูุฑูุง ูุงูุชุฒุงููู ุจุงูุฃูุถู
"Kitchen Water Mixer Tap Head Unique Shape Fits All Mixers Easy to Install.(1080ยฐ Swivel Faucet Extender for Bathroom Kitchen Sink Multifunctional Folding Robotic Arm Wash and Rinse, Silver)",R1OI9XHP5TNF77,1.0,ุดุฑูุฉ ุณูุฆุฉ,28 November 2025,ุฎุงูุฉ ุฑุฏูุฆุฉ ุฌุฏุง ูุง ุงูุตุญ ุจุดุฑุงุฆุฉ
"Kitchen Water Mixer Tap Head Unique Shape Fits All Mixers Easy to Install.(1080ยฐ Swivel Faucet Extender for Bathroom Kitchen Sink Multifunctional Folding Robotic Arm Wash and Rinse, Silver)",R3F86LAB6RW8ZU,5.0,Super!,28 May 2025,Sehr Gut!
"Kitchen Water Mixer Tap Head Unique Shape Fits All Mixers Easy to Install.(1080ยฐ Swivel Faucet Extender for Bathroom Kitchen Sink Multifunctional Folding Robotic Arm Wash and Rinse, Silver)",RW84AWIZ3JD7W,1.0,ุณุฆ ุฌุฏุง,26 September 2025,ุฌูุฏุฉ ูู ููุชูู ุงูุณูุก ูุง ููุตุญ ุจู
"Kitchen Water Mixer Tap Head Unique Shape Fits All Mixers Easy to Install.(1080ยฐ Swivel Faucet Extender for Bathroom Kitchen Sink Multifunctional Folding Robotic Arm Wash and Rinse, Silver)",R2UZ4LM9355CNM,1.0,ุงูููุชุฌ ูุนูููุฉ ูู ูุงุฏุฉ ุถุนููุฉ,10 September 2025,ุงูููุชุฌ ูุนููู ูู ูุงุฏุฉ ุถุนููุฉ ุฌุฏุง
Basin and Bath Mixer (Copper Basin Water Mixer),R2M0LBOAVGDAH4,5.0,ููุชุงุฐ,26 March 2025,ุดูุฑูุง ูู! ููุชุฌ ููุชุงุฒ ูุชุนุงูู ุฑุงูู.
Basin and Bath Mixer (Copper Basin Water Mixer),R2RRP13BWYEDGH,5.0,ููุชุฌ ููุชุงุฒ,2 January 2025,ููุชุฌ ููุชุงุฒ ุดูุฑุง ููู
Basin and Bath Mixer (Copper Basin Water Mixer),R2UWTXMIJZM0CR,5.0,ุดูุฑุงุงุงุงุง,6 May 2025,ุงุดุชุฑูุช ูุฐู ุงูุณูุนุฉ ูุคุฎุฑูุง ููุงูุช ุชุฌุฑุจุชู ูุนูุง ุฑุงุฆุนุฉ ุฌุฏูุง. ุงูุฌูุฏุฉ ุนุงููุฉุ ูุงูุชุบููู ูุงู ููุชุงุฒูุงุ ูุชู ุงูุชูุตูู ูู ุงูููุช ุงููุญุฏุฏ. ุงูููุชุฌ ูุทุงุจู ูููุตู ุชูุงููุง ููุนูู ุจููุงุกุฉ ุฏูู ุฃู ูุดุงูู. ุฃูุตุญ ุจูุง ุจุดุฏุฉ
Basin Mixer for Bathroom (Basin Water Mixer (Nut Connecting Mixer Without Mixer)),R33I2UERGE1AR,5.0,"Same product, beautiful, I was happy with it.",16 May 2025,"Same product, beautiful, I was happy with it.
Read more"
Shattaf Mixer Multi Shapes and Colors (Angle Valve 2 Outlet with Shattaf Cold Only) (Grey),R8LZAVFB30TMX,5.0,ููุชุฌ ููุชุงุฒ,23 September 2025,ุฌููู
Shattaf Mixer Multi Shapes and Colors (Angle Valve 2 Outlet with Shattaf Cold Only) (Grey),R1L2W373ADQ5IY,5.0,ููุชุงุฒ,17 July 2025,"ุงูุฌูุฏุฉ ููุชุงุฒุฉุ ุงูููุชุฌ ูุทุงุจู ูููุตูุ ูุฃูุตุญ ุจู ุจุดุฏุฉ."""
Shattaf Mixer Multi Shapes and Colors (Angle Valve 2 Outlet with Shattaf Cold Only) (Grey),R1XL5IT8KZQO0N,5.0,ููู ุฌุฒูู ุงูุดูุฑ,5 July 2025,ููุชุฌูู ุจูุณุชูู ุฌูุฏุฉ ููุชุงุฒ ููุณุนุฏูู ุงูุชุนุงูู ูุนููุ ุดูุฑูุง ูุงูุชุฒุงููู ุจุงูุฃูุถู
Shattaf Mixer Multi Shapes and Colors (Angle Valve 2 Outlet with Shattaf Cold Only) (Grey),R54M84OFS3GWV,5.0,ููุชุฌ ุฌููู,2 July 2025,ููุชุฌ ุงุนุฌุจูู ุจุดุฏู ุงูุง ุฑุงุถ ุฌุฏุง ุนู ูุฐุง ุงูููุชุฌ
"Generic Triple Bathroom Faucet, Copper, Threaded, 2cm W x 3cm L x 5cm H",R3UJ1H1GM8B6ES,5.0,ูุทุนู ูููุฏู,4 December 2024,ููุชุฌ ุฑุงุฆุน
"Generic Triple Bathroom Faucet, Copper, Threaded, 2cm W x 3cm L x 5cm H",R1WT5GZLH0FLHR,5.0,ูุงุณููู ุตููุช,20 November 2024,"ููุชุฌ ููุชุงุฒ ุงูุตุญ ุจุดุฑุงุฆู
Read more"
"Generic Triple Bathroom Faucet, Copper, Threaded, 2cm W x 3cm L x 5cm H",R1Y9V2P1X0K9TZ,5.0,ููุชุฌ ุฑุงุฆุน,23 November 2024,ุงูููุชุฌ ุฑุงุฆุน ุฌุฏุง ูุณูู ุงูุงุณุชุฎุฏุงู
"Generic Triple Bathroom Faucet, Copper, Threaded, 2cm W x 3cm L x 5cm H",R33XDLH5G7IC7X,5.0,Very good,21 August 2024,ุฌููู ุฌุฏุง
"Generic Triple Bathroom Faucet, Copper, Threaded, 2cm W x 3cm L x 5cm H",R3F9R213XWBXIJ,5.0,ููุชุฌ ุฑุงุฆุน,26 August 2024,ููุชุฌ ุฌููู ู ููุชุฌ ุบูุฑ ูุงุจู ููุตุฏุง ู ุงูุง ุนู ุชุบููู ุฑุงุฆุน
Bathroom Basin Mixer,R21064HTX7Z9ES,1.0,ุจุงุฆุน ุบูุฑ ุงููู,21 September 2023,ุงูููุชุฌ ุงูุฐู ุชู ุงุฑุณุงูู ุณูุฆ ุฌุฏุง ููุฎุงูู ููููุงุตูุงุช
Shower Ruler (Shower Mixer Burial Set Black 5 Years Warranty)),RW0SPRJ2A189O,5.0,ูู ุงููุทููุจ,20 September 2025,ุทูู ููุชุงุฒ ูููุงุณุจ ุฌุฏุง ูุดูู ูุชุบููู ูููุณ ุฌุฏุง
Shower Ruler (Shower Mixer Burial Set Black 5 Years Warranty)),R2F0LXD5PNJ50U,1.0,ุฎุงูู ุงูู ูู ุงูุฑุฏูุฆู,6 May 2025,ุฎุงูู ุฑุฏูุฆู ููุง ุชุณุชุงูู ุณุนุฑูุง ุฎุงูุต ูุชุณุงููุด ุญุชู ูฅูู ูุจูุฏู ุงู ุฌุจุชูุง ูุงูุจุงุฆุน ุจูููู ูุณุชูุฑุฏู ููู ุชุญุช ุจูุฑ ุงูุณูู ูุด ูุญุตูู ุญุชู ุตููู ุญุณุจู ุงููู
Shower Ruler (Shower Mixer Burial Set Black 5 Years Warranty)),R3CTGXQ9TLGMPV,3.0,ูููุณู,17 November 2025,ูููุณู ุจุงููุณุจู ูุณุนุฑูุง
Shower Ruler (Shower Mixer Burial Set Black 5 Years Warranty)),R2J50PWOZZE2MB,5.0,ูุงุทูุฉ,12 January 2025,ูุงูุฏ ุฌููู ุงู ุตุญ ุจุงูุดุฑุงุก
Shower Ruler (Shower Mixer Burial Set Black 5 Years Warranty)),R37BA80KTKQVOB,4.0,ูุงูุต ูุณุงููุฑ,20 October 2025,ููุชุงุฒ ูุฎุงูู ูููุณู ุฌุฏุฃ ุจุณ ุฌุงูู ูู ูุงูุต ูุณุงููุฑ
Shower Ruler (Shower Mixer Burial Set Black 5 Years Warranty)),R38SWRU97LAKGZ,5.0,Excellent priced product ! โญ๏ธ,28 December 2024,"Buy it !
Read more"
Shower Ruler (Shower Mixer Burial Set Black 5 Years Warranty)),R2MG582A7BFR10,2.0,ุงููุฑุชููู ูุฏูุฑุฉ,9 September 2025,ุงููุฑุชููู ูุฏูุฑุฉ
Shower Ruler (Shower Mixer Burial Set Black 5 Years Warranty)),REEE0E2CKKRWM,1.0,ุบุด ูู ุงูุจุงุฆุน,22 December 2024,ููุชุฌ ุนุงุฏู ุฌุฏุง ููุง ูุณุชุงูู ุงููุจูุบ.ููููุง ุงูู ุฑูุจ ุจุงููุนู ููุช ุฑุฌุนุชู
Basin and Bath Mixer (Copper Basin Water Mixer),R1EGUTA7WPO12T,5.0,ููุชุฌ ููุชุงุฒ,17 April 2025,ููุชุฌ ูุซุงูู
Basin and Bath Mixer (Copper Basin Water Mixer),RECY95PFWRQO3,1.0,ุบูุฑ ูุทุงุจู,28 May 2025,ุงูููุชุฌ ุงููุฑุณู ูุฎุชูู ุนู ุงูุตูุฑ ุนูู ุงููููุนุจุงูุงุธุงูุฉ ุฅูู ุทุฑููุฉ ุงูุชุบููู ุงูุฎุงุตุฉ ุจุงูููุชุฌูุงูุถุงู ุญุงูุฉ ุงูููุชุฌ
Basin and Bath Mixer (Copper Basin Water Mixer),R2MQ8DG3OIBJW1,5.0,ููุชุงุฒ,7 January 2025,ููุชุฌ ููุชุงุฒ ุฌุฏุง ูุนููู ุงูุตุญ ุจู
Basin and Bath Mixer (Copper Basin Water Mixer),R2TMCMERHR9EKW,2.0,Itmes missing,30 April 2025,"Some items missing  - returned
Read more"
Basin and Bath Mixer (Copper Basin Water Mixer),R1CR4D6S5EMYR6,5.0,ููุชุฌ ุฌููู,25 September 2024,ููุชุฌ ุฌููู ุนุงูู ุงูุฌูุฏู ู ุชุบูููู ููุชุงุฒ
Basin and Bath Mixer (Copper Basin Water Mixer),R2GC1HVNG2XI7U,1.0,don't buy,4 March 2025,"Poor quality
Read more"
Basin and Bath Mixer (Copper Basin Water Mixer),R3I41ZQRQVBSDK,4.0,ูุฎุชูู ููู ุฌูุฏ,10 February 2025,ุงูููุชุฌ ุงูู ูุตููู ูุฎุชูู ุนู ุงูุตูุฑุฉ ุงูู ูุนุฑูุถุฉ ุ ููู ุฌูุฏ ู ููุจูู
Basin and Bath Mixer (Copper Basin Water Mixer),R1EZH6MY1R8Z2K,5.0,ุดูุฑุง,7 October 2024,ููุชุฌ ูููุฒ ุฌุฏุง ุดูุฑุง
Bathroom Basin Mixer (Space Basin Mixer 4 Way (Grey),R6EWGBKWHY8G0,5.0,ุชุฌุฑุจู ุฑุงุฆุนู๐,30 October 2025,ุงูููุชุฌ ููุชุงุฒ ุฌุฏูุง! ุฎุงูุฉ ุงูุฎูุงุท ูููุฉ ูุฌูุฏุชู ุฑุงุฆุนุฉุ ุงูุชุตููู ุฃููู ูุณูู ุงูุงุณุชุฎุฏุงู ูุงูุชุฑููุจ. ุชุฏูู ุงูููุงู ูุชูุงุฒู ููุง ููุฌุฏ ุฃู ุชุณุฑูุจ. ูุนูุงู ูุถูู ููุณุฉ ุฌูููุฉ ููุญูุงู/ุงููุทุจุฎ. ุงูุชุบููู ูุงู ููุชุงุฒ ูุงูุชูุตูู ุณุฑูุน. ุฃูุตุญ ุจู ุจุดุฏุฉ๐
ุฎูุงุท ุจุงููู ููุงุณุชุญูุงู ูุซุจุช ุนูู ุงูุญุงุฆุท,R26EUSYDBKWK6Y,1.0,ูุง ูุณุชุญู,19 March 2025,"โฆ
Read more"
Basin Taps Tall Basin Mixer Tap Bathroom Waterfall Sink Tap Single Lever Brass Cold and Hot Modern Style Design Chrome High,RT3ADUHKVX8YK,5.0,Love it,24 May 2024,"Not fitted yet but it looks really lovely, going to go well with my glass sink.It's now been fitted, it looks gorgeous and works brilliantly
Read more"
Basin Taps Tall Basin Mixer Tap Bathroom Waterfall Sink Tap Single Lever Brass Cold and Hot Modern Style Design Chrome High,R275FNKITS99UJ,,,4 July 2020,"Quick and easy and product is as described
Read more"
Basin Taps Tall Basin Mixer Tap Bathroom Waterfall Sink Tap Single Lever Brass Cold and Hot Modern Style Design Chrome High,R280HIRRXKE9E,,,1 March 2024,"This is a must to buy absolutely amazing value for moneyQuality of this tap is extremely high looks fantastic when installed gives the bathroom something to smile ๐ about
Read more"
Basin Taps Tall Basin Mixer Tap Bathroom Waterfall Sink Tap Single Lever Brass Cold and Hot Modern Style Design Chrome High,R3JRF5PIHJ35IH,,,3 March 2021,"Es precioso, aunque lo tuve que devolver porque para mi baรฑo era demasiado amarillo, pero es sรบper bonito"
Basin Taps Tall Basin Mixer Tap Bathroom Waterfall Sink Tap Single Lever Brass Cold and Hot Modern Style Design Chrome High,RZJWYFYQ4CVD7,,,4 February 2021,Dieser Wasserhan sieht optisch sehr gut aus und pept den Badezimmer auf.Allerdings ist der Gerรคuschpegel etwas hoch und die Farbe ist bei uns nach 2 Monaten leicht abgegangen.
Basin Taps Tall Basin Mixer Tap Bathroom Waterfall Sink Tap Single Lever Brass Cold and Hot Modern Style Design Chrome High,R1T4U86ZFJINJZ,,,17 January 2025,"Gorgeous sturdy stylish
Read more"
"Basin and Bath Mixer (Screws Mixer Without Mixer, Silver1)",R3KVO6QFLV719R,5.0,ููุชุงุฒ,22 December 2024,ุณูู ุงูุชุฑููุจ
Italian mixers 3 pieces without a shower,R1GIERFLFIV2R0,3.0,ููุงุณุจ ูุณุนุฑู ูููุณ ุงูุทุงูู,13 July 2023,ูู ุฌูุฏุฉ ููุงุณุจุฉ ููุณุนุฑ ููู ุทุจุนุง ูููุง ูู ูุชููุน ููุณ ุงูุทุงูู ูุงููุฒู ูุชูุณุท ูุด ูุญูู ุงูู
Italian mixers 3 pieces without a shower,RT9XJW1MRBPWT,3.0,ุชูููู ูู ุณูู.ููู,13 June 2020,ุฌูุฏ ุจูุณุจู ูุณุนุฑูุฅูุฌุงุจูุงุช ูุฐุง ุงูููุชุฌ:ุฌูุฏุณูุจูุงุช ูุฐุง ุงูููุชุฌ:ุฎููู ุงููุฒู
Basin Water Mixer (Pair of Screws Mixer Without Mixer),R3RBK1EB9KWB65,5.0,ุฌูุฏู ุนุงููู,31 January 2025,ูู ุงุฌุฏูุง ูู ุงู ููุงูุณูุง ููุงุฌูุฏุฉ ุนุงููุฉ
Basin Water Mixer (Pair of Screws Mixer Without Mixer),R2KUO3WB1PKZ6T,4.0,ุจุฏูู ุงูุนูุจุฉ ุงูุงุตููุฉ,24 October 2025,ุงูููุชุฌ ูุทุงุจู ุงูุตูุฑุฉ ู ููู ูุตู ุจุฏูู ุงูุนูุจุฉ ุงูุฃุตููุฉูุณู ูู ุงุณุชุฎุฏูู ุจุนุฏ
Basin Water Mixer (Pair of Screws Mixer Without Mixer),R1JAXM9J2PTFH,5.0,ุงูุงุณููุฏุฑูุฉ,12 March 2025,ูููุณ
Basin Water Mixer (Pair of Screws Mixer Without Mixer),R11LC47PSFT2MT,4.0,ุนููู,5 July 2025,ุญูู ุฌุฏุง
Basin Water Mixer (Pair of Screws Mixer Without Mixer),R2MFUPBRATRZHI,5.0,ุตุงูููุฉ ุฑุจุท ุฑุงุฆุนู,31 January 2025,ุตุงูููุฉ ุฑุจุท ูุฎูุงุท ุงูููุงุฉ
Basin Water Mixer (Pair of Screws Mixer Without Mixer),R2D6WO6O62NJTQ,5.0,ุตูุฑ ูุงูุนูุฉ,18 June 2025,ููุชุงุฐ ุฌุฏุง ุงูุตูุฑ ูุงูุนูุฉ ููููุชุฌ .
Basin Mixer (Turkish Bath Mixer),R2QNWGNNWB2ME3,5.0,ุฎุงูุชู ููุชุงุฒ ููุนูุด ููุชุฑู ุทูููู ูุจุณุนุฑ ููุชุงุฒ,5 October 2025,ูุงูุช ุชุฌุฑุจุฉ ุฑุงุฆุนู ุฌุฏุง ูุงุชููุง ุงู ุชุชูุฑุฑุฌูุฏุชู ุนุงููู ู ูุตููุน ูู ุญุฏูุฏ ูุฌููู ูุนูุด ููุชุฑู ุทูููู ูุจุณุนุฑ ููุชุงุฒ
Basin Mixer (Turkish Bath Mixer),R5B03F8PTQHT3,5.0,ููุชุงุฒุฉ,18 December 2024,ููุชุงุฒุฉ ู ุณููุฉ ุงูุชุฑููุจ
Basin Mixer (Turkish Bath Mixer),R24HHYF9H86HA2,1.0,ูุงุชุนููู,6 February 2025,ููููุนุด ุงุฏููู ุงู ุชูููู ุงูููุชุฌ ูุตู ุนูุจุฉ ูุฑุชูู ููุทุนุฉ ูุตุงูููุฉ ุฑุจุท ุฎุฑุทูู ุงูุฑุดุงุด ููุณูุฑุฉ ูุตุงูููุฉ ุฑุจุท ุงูุฎูุงุท ูููุง ุฎุฏูุด ุงููู ูุณุชุนูู ูุจู ูุฏู ูุงูุงุญูู ุงุนุงุฏุชู ุนูู ุญุณุงุจู ุจูุจูุบ ููู ุงู ูกูู ุฌููู ุทุงุจ ุงูุง ุฐูุจู ุงูู
Basin Mixer (Turkish Bath Mixer),RIM7IM82NVIDC,5.0,ููุชุฌ ุฑุงุฆุน,3 September 2024,ููุชุฌ ุฌููู ุฌุฏุง ุบูุฑ ูุงุจูู ูุตุฏุง ู ุฌูุฏุชู ุนุงููู ู ุงูุง ุนู ุชุบูููู ููู ููุชุงุฒ
Basin Mixer (Turkish Bath Mixer),RBWP5Q8MF7MB8,5.0,ููุชุฌ ุฌููู,7 September 2024,ููุชุฌ ููุชุงุฒ ุบูุฑ ูุงุจู ููุตุฏุง ุชุบูููู ุฌููู
Basin Mixer (Turkish Bath Mixer),R3PPXUVRKA1LMY,1.0,ุงูุตูููู ุบูุฑ ูุชูุงููู,14 February 2025,ุงูุตูููู ุบูุฑ ูุชูุงููู ุนูู ุฑุงุณ ุงูุฏุด
Basin Mixer (Turkish Bath Mixer),R1OA6IT7YLV8EO,1.0,ููุณูุฑู,21 September 2024,ุงููุญุจุณ ุบูุฑ ููุฌูุฏ
Basin Mixer (Turkish Bath Mixer),R1B57E5ZMIMQV8,5.0,Good,9 September 2024,"Satisfied with the product, excellent, thank you, honest seller
Read more"
Bath Basin Mixer Multi Shapes and Colors (Shattaf Tree Basin Mixer with Silver Color Conversion Button)),R207B5AE74ZFJL,5.0,ูุฏููุฉ ุฏุณูู ูุญุงูุธุฉ ููุฑุงูุดูุฎ,21 November 2025,ููุชุงุฒ ุฌุฏุง ุงูุตุญ ุจุงูุดุฑุงุก
Bath Basin Mixer Multi Shapes and Colors (Shattaf Tree Basin Mixer with Silver Color Conversion Button)),R2KMJSR1FTYESW,4.0,ุญูู,17 April 2025,ุญูู ูุงุฑุฎุต ูู ุจุฑู
Bath Basin Mixer Multi Shapes and Colors (Shattaf Tree Basin Mixer with Silver Color Conversion Button)),R1QHEV0LOLYYCD,5.0,ููุชุงุฒ,18 October 2025,ููุชุงุฒ ุฌุฏุง ุฌุฏุง
Bath Basin Mixer Multi Shapes and Colors (Shattaf Tree Basin Mixer with Silver Color Conversion Button)),R3N6SA40C1UCY0,3.0,ุดุบุงู,27 November 2025,ุงูุง ูุณู ูุฌุฑุจุชุด ุจุณ ุจุงูู ุงู ุงูููุจ ุจุชุงุนู ูู ุฌูู ุจูุงุณุชูู ููุด ุนุงุฑู ููุจูู ูููุณ ููุง ูุฃููู ุงุฌุฒุงุก ููู ุจูุงุณุชููุจุณ ููุณ ุงูุดูู ุงูู ูู ุงูุตูุฑุฉ ูุงูุชุนุจุฆุฉ ุฌูููุฉ
Bath Basin Mixer Multi Shapes and Colors (Shattaf Tree Basin Mixer with Silver Color Conversion Button)),RTPRKGG2Y3CVR,5.0,ูุฑูู,26 January 2025,ุฎุงูุฉ ุญููุฉ ุฎุงูุต ุดูุฑุง ุงูุตุญ ุจุงูุดุฑุงุก
Bath Basin Mixer Multi Shapes and Colors (Shattaf Tree Basin Mixer with Silver Color Conversion Button)),R2IXHK6KWC6WRY,2.0,ููู ุชุณุฑูุจ,30 November 2025,ุงูุดูู ุฌููู.. ููู ููู ุชุณุฑูุจ ูู ุงูุฃุฌุฒุงุก ุงูุฏุงุฎููุฉ.
Bath Basin Mixer Multi Shapes and Colors (Shattaf Tree Basin Mixer with Silver Color Conversion Button)),R2IHONJUW6YS1W,5.0,ูููู,25 January 2025,ููุชุฌ ุฌูุฏ ุฌุฏุง ุงูุตุญ ุจุงูุดุฑุงุก
Bath Basin Mixer Multi Shapes and Colors (Shattaf Tree Basin Mixer with Silver Color Conversion Button)),R1DUXUZMCIUW5P,4.0,ุงูุนุงุดุฑ ูู ุฑูุถุงู,29 October 2025,ุฌูุฏ ุฌุฏุง ููุงูู ูุฌุจ ุฃู ุชููู ุตุงูููู ุงูุฑุจุท ูุนุฏู ูููุณุช ุจูุงุณุชู
ุฎูุงุท ุดุทุงู ูุชุนุฏุฏ ุงูุดูู ูุงูุงููุงู (ุตูุงู ุฒุงููุฉ 2 ูุฎุฑุฌ ุจุงูุดattaf ุจุงุฑุฏ ููุท (ุตูุงู ุฒุงููุฉ 2 ูุฎุฑุฌ ุจุงูุดattaf ุจุงุฑุฏ ููุท (ููู ุณููุฑ),RV4UJIR93ZYDO,5.0,10,1 August 2025,ุฌูุฏุฉ ูุนูููุฉ
ุฎูุงุท ุดุทุงู ูุชุนุฏุฏ ุงูุดูู ูุงูุงููุงู (ุตูุงู ุฒุงููุฉ 2 ูุฎุฑุฌ ุจุงูุดattaf ุจุงุฑุฏ ููุท (ุตูุงู ุฒุงููุฉ 2 ูุฎุฑุฌ ุจุงูุดattaf ุจุงุฑุฏ ููุท (ููู ุณููุฑ),R7PRYI7SHCQJ8,5.0,ููุชุงุฐ,10 July 2025,ููุชุฌ ููุชุงุฐ ูุฌููู ูุงูุชุบููู ุฌูุฏ ุฌุฏุงู ูุฎุงูุชู ููุชุงุฐู ู ุงููุงูู ุฑุงุฆุนู
Waterfall Hand Mixer Basin Mixer (Mixer Screws Without Mixer),RBKJ2K56NSLP0,5.0,ููุชุฌ ุฑุงุฆุน,24 August 2024,ููุชุฌ ุฌููู  ุงูุชุบููู ุฑูุนู ูู ุบุงูู ุงูุฌูุงู
