product,username,date,title,text,rating
سلاكة حوض وبلاعات 160 سم - سلاكة بلاعة - سلاكة حوض المطبخ - سلاكة شفط - الوان متعددة (أداة تنظيف المرحاض مع عصا مخلب قابلة للسحب (160 cm )) - سلاكة مواسير وصرف المطبخ والحمام - مزيل انسداد الصرف المرن علي شكل ثعبان والقابل للسحب بمخالب لالتقاط السدد، لتنظيف وتسليك حوض المطبخ والحمام والبانيو والمرحاض والمجاري المسدودة ومواسير الصرف الصحي - اداة ازالة الشعر بطرف مخلبي لتسليك حوض الصرف الصحي اداة تنظيف حوض بسوستة للتخلص من الانسدادات للمطبخ والحمام,Anonymous,"أكتوبر 28, 2025",ممتاز,ممتاز,5
شطاف حمام بخرطوم زجزاج مع خرطوم 2 متر اضافى مع شطاف بيديه محمولة,Mohamed A.,"أكتوبر 3, 2025",مش زي الوصف,جي من غير المحبس اللي هوه اهم حاجه,1
شطاف حمام بخرطوم 2 متر 6 مم للسفر,Anonymous,"نوفمبر 1, 2023",كويس بس خرطوم قصير وبيسرب ميه,كويس,3
شطاف حمام بخرطوم 2 متر 6 مم للسفر,Mayyada M.,"نوفمبر 20, 2024",نفس الشكل مع القطع بس مجربتهوش لسة,يخد مياه اكتر,4
شطاف حمام نحاس دهبى,Anonymous,"مايو 26, 2024",Very good,Gooooooooood,5
شطاف حمام نحاس دهبى,Ahmed S.,"يوليو 15, 2025",..,"اقسم بالله سئ جدا بيسرب ميه وحاولت اكتم الميه فتره بسيطه وباظ خالص 
وهو جديد شكله حلو اه بس ع الفاضي والخامه رديئه",1
طقم خلاطات 3 قطع نحاس مكون من خلاط بانيو + خلاط حوض وش + خلاط حوض مطبخ حائطى,Anonymous,"نوفمبر 30, 2024",فى مشكله فى قطعه,فى مشكله,5
صنبور خلاط لحوض الاستحمام مع دش يدوي فضي 150سم,Mohamed E.,"سبتمبر 29, 2025",قيمة مقابل السعر,ممتاز جدا مقابل سعره,5
صنبور خلاط لحوض الاستحمام مع دش يدوي فضي 150سم,Anonymous,"أغسطس 26, 2025",جيدة,خلاط بانيو جيد من حيث الخامة والتغليف,4
حنفية دوارة متحركة لحوض الحمام ، صنبور مطبخ أسود غير لامع بزاوية كبيرة دوارة بخاخ مزدوج الوظيفة ، صنبور حوض بمقبض واحد مع لوحة سطح ، صنبور حوض مرحاض,ABDALLAH A.,"يونيو 8, 2023",عملى جدا وسهل التركيب,كما بالوصف,5
خلاط مطبخ رقبة طويلة,Mahmoud A.,"مارس 1, 2025",الخامه,المنتجات مش نحاس زي مكتوب,1
خلاط مطبخ رقبة طويلة,عبداللة ح.,"يونيو 23, 2024",التشطيب ممتاز,الشكل والفنش جميل,4
صنبور خلاط المطبخ للماء البارد والساخن فضي,Anonymous,"مايو 9, 2025",المنتج ثلث في استخدامه,منتج كويس بالنسبة لسعره,4
صنبور خلاط للمطبخ فضي,Heba G.,"أكتوبر 1, 2023",تحفة,المنتج جيد جدا جدا جدا والسعر ملوش حل,5
صنبور خلاط للمطبخ فضي,Anonymous,"أغسطس 5, 2024",كويس جدا,هايل,5
خلاط مطبخ حائطى جرافينا بولو هاندمكسر,محمد ا.,"ديسمبر 27, 2024",منتج رائع من بائع ممتاز وسعر ثابت لفترة طويله ونون موقع تسوق يحترم العميل ويقدم منتجات موثوق بها,كواليتي ممتاز جداااا وبائع محترم وسعر مميز وثابت ... ونون الثقة كلها,5
خلاط مطبخ حائطى جرافينا بولو هاندمكسر,Hisham S.,"أبريل 28, 2025",بصراحة المنتج ابهرني,الخامة ممتازة جداً و محترم ويستحمل شغل المطبخ و مريح في التعامل بشكركم جداً,5
مقبض لخلاط المياه دوار بزاوية 360 درجة فضي 1.55كيلوجرام,Abdelrahman M.,"مارس 9, 2025",سئ جدا,القطع مش مطابقة,1
مقبض لخلاط المياه دوار بزاوية 360 درجة فضي 1.55كيلوجرام,Amira S.,"أبريل 5, 2024",الخامه ممتازه,ممتاز كما بالوصف,5
